kippy,8513384,12104923306
okay buddy,18589073,120772990294
Eaves,8563062,69860894352
Furrniks,9530468,20904818966
Juicy-,13097638,161413343835
ZaBoo,13344661,290447479194
coolnuck210,11847973,46077954500
Columbina,11934348,168673491057
MwaCestTom,12280995,88467033753
Romspeed,17599268,50865778051
best acc player,16916295,93704586865
Jimeranu,17388637,42365493631
Atsuuu,13798356,52006189052
Nessy,10656864,59498380804
Arakii,6133101,580263362105
Wispy,11106929,498383412428
byo,9358042,70450776327
Dess555,9165391,56363038118
Cheaxr,20083482,7696265279
DancoreDanny,10640078,56057866318
Sympli,8525223,106880888404
Belladonna,11758404,20890629273
Mayuri,18688473,44283035321
MikaMyPrincess,17050392,16432507371
C L O N E,22294191,16155366481
-Alto-,20373425,7327444966
resu,10830974,371810588343
TB 358,3632016,336060131030
rikka,17130840,106022588273
BlueChinchompa,14494717,56075655602
Murzikk,12000193,28735803209
Skyy,7113149,17801430480
Lilian,8589120,91613910714
mmi,5444914,374002033702
Mejiro Ardan,11292536,32372061343
Zerint,12919410,104839320596
Forw3n,9282017,104270229286
mort,13627426,140824478201
Osage-chan,10869615,49177531653
Miku Hatsune,11106342,51592749177
ikyo,21922459,20962301406
lixghy,34134890,777565274
EEEEEEEEEEEEEEE,2927048,910136018902
IncognitoMercy,12838922,43005612885
haunte,7333471,112505706518
Hehe fox ,15733605,7081910164
ytk,14842245,148953663977
_Railgun_,13817114,134444423911
rrailgun,10525148,41484186717
Maklovitz,9217626,940237995308
maor,20006045,4624014828
Iuco,18143730,47115614627
Leebs,7636779,133003257799
-Spyke,6098755,4455296
Cocoamallows,9436126,103040638053
Blipblo,17153384,79679950129
Louis Marble,10853878,238054955548
Phynta,9070739,192683603479
ich muss shyzen,6411122,111649620510
Duskyui,4422457,576721961563
Synaelle,11726408,65257934033
skuth,29019225,13023160300
maliszewski,12408961,234054995308
Shaun,7127366,104806254052
Buster,8208277,41745924870
AllukaFPS,16018275,19597109751
Jossfr,15458810,258448608264
Pkups,14663729,194871868472
Woey,3792472,346778306119
Wutever,9809625,111153753701
TheTHGovernment,17792223,13748989745
Nonexistence,14604356,13074355478
-Matty,21362130,12725342478
Hetzer357,22690359,33301469833
Crossie,3538363,255330372658
Noecry,8214806,127824134508
MeSt210,10305886,25144250146
the_dark_cookie,11086206,21481932726
Low budget Mosa,14293652,94383585605
Masako,7616308,34238114876
Teppi Fangirl,16522589,48734082900
[Caveman],25512851,10397094690
respektive,1023489,446401200221
dimi3344,10508372,6911764645
sumyeon,12487726,77014554467
Skyfly,5790241,20106490144
cmtb,20028194,32739595801
WillCookie,6404488,334440649382
Noya-san,8092229,36756746210
steved,4859362,44812354793
Syne,13530793,74748949408
kitten8097,7635621,631818096220
Deftera,17315944,6928712712
Sobriquet,3891023,202731282059
Tazz,19142610,111568106556
Ecid,11698095,45295162787
fund,18138534,16253184391
ilay715,17315875,810456828
aiyern,13826244,43077635534
Tannaka,3624862,89785540167
Firstus,1856829,91209149247
Jayson Todd,2779077,81393340829
Grrxie,2616163,26310690661
Sadolution,1274825,85433505920
Arithmophobie,9910665,66310462125
Atsorko,19389342,37465784866
Snackidoup,14427114,35295245895
chlortal,30827435,9191126943
Greninja,8579186,66069068392
Serterd,8085558,28835324641
RoseYoshino,8344751,71875311605
Bennie Fredson,10510667,6410897207
Erikillo,20388417,21722521201
Ilmay,10304774,65828149969
up44,4281350,627520384563
DarkWolfyChan,11559369,17861536203
paprunia,26407710,163052691714
anirrech,8995080,41621699219
Draken,5339001,36979633271
z137,11127223,17182953642
St3kiii,14025454,67801376664
Infinitstart,4026124,34760008937
Nitroz,5256529,132660418329
Blacky_San,3231530,76617944077
Ganondorf,10660738,278447178416
Masakaa,33777022,11652106318
Lurumic,17584396,54266497365
See,13752814,70961760031
Numero_Zer0e,13352562,134916938423
MomoNagi,17053515,40473703398
-Coor-,13529647,22717111804
Bittshrooms,9250996,176725306989
Anroyz,1818573,76417285544
Spev,9047729,106538776090
SirBalderdash,15303889,21853249991
hungarydude,12033036,25056573783
22marc,13202574,27559850512
RoastedSushi,19728856,14263490902
LazyLea,2368744,18603616232
Umbre,2766034,97257933550
Trail Mix,3328742,342720896250
